date,sales
2017-08-16,765432.118942
2017-08-17,712345.679023
2017-08-18,823456.790134
2017-08-19,934567.901245
2017-08-20,1045678.012356
2017-08-21,789012.345678
2017-08-22,734567.890123
2017-08-23,845678.901234
2017-08-24,756789.012345
2017-08-25,867890.123456
2017-08-26,978901.234567
2017-08-27,1089012.345678
2017-08-28,812345.678901
2017-08-29,756789.012345
2017-08-30,867890.123456
2017-08-31,789012.345678
2017-09-01,1123456.789012
2017-09-02,1234567.890123
2017-09-03,1345678.901234
2017-09-04,956789.012345
2017-09-05,867890.123456
2017-09-06,978901.234567
2017-09-07,890123.456789
2017-09-08,1001234.567890
2017-09-09,1212345.678901
2017-09-10,1323456.789012
2017-09-11,945678.901234
2017-09-12,856789.012345
2017-09-13,967890.123456
2017-09-14,878901.234567
2017-09-15,989012.345678
2017-09-16,1201234.567890
2017-09-17,1312345.678901
2017-09-18,934567.890123
2017-09-19,845678.901234
2017-09-20,956789.012345
2017-09-21,867890.123456
2017-09-22,978901.234567
2017-09-23,1189012.345678
2017-09-24,1290123.456789
2017-09-25,923456.789012
2017-09-26,834567.890123
2017-09-27,945678.901234
2017-09-28,856789.012345
2017-09-29,967890.123456
2017-09-30,1178901.234567
2017-10-01,1389012.345678
2017-10-02,1290123.456789
2017-10-03,1201234.567890
2017-10-04,1112345.678901
2017-10-05,1223456.789012
2017-10-06,1434567.890123
2017-10-07,1545678.901234
2017-10-08,1056789.012345
2017-10-09,967890.123456
2017-10-10,1078901.234567
2017-10-11,989012.345678
2017-10-12,1100123.456789
2017-10-13,1311234.567890
2017-10-14,1422345.678901
2017-10-15,1033456.789012
2017-10-16,944567.890123
2017-10-17,1045678.901234
2017-10-18,956789.012345
2017-10-19,1067890.123456
2017-10-20,1278901.234567
2017-10-21,1389012.345678
2017-10-22,1000123.456789
2017-10-23,911234.567890
2017-10-24,1012345.678901
2017-10-25,923456.789012
2017-10-26,1023456.789012
2017-10-27,1234567.890123
2017-10-28,1345678.901234
2017-10-29,956789.012345
2017-10-30,867890.123456
2017-10-31,978901.234567
2017-11-01,1289012.345678
2017-11-02,1390123.456789
2017-11-03,1501234.567890
2017-11-04,1123456.789012
2017-11-05,1234567.890123
2017-11-06,1145678.901234
2017-11-07,1056789.012345
2017-11-08,1167890.123456
2017-11-09,1378901.234567
2017-11-10,1489012.345678
2017-11-11,1100123.456789
2017-11-12,1211234.567890
2017-11-13,1122345.678901
2017-11-14,1033456.789012
2017-11-15,1144567.890123
2017-11-16,1355678.901234
2017-11-17,1466789.012345
2017-11-18,1077890.123456
2017-11-19,1188901.234567
2017-11-20,1099012.345678
2017-11-21,1010123.456789
2017-11-22,1121234.567890
2017-11-23,1332345.678901
2017-11-24,1443456.789012
2017-11-25,1054567.890123
2017-11-26,1165678.901234
2017-11-27,1076789.012345
2017-11-28,987890.123456
2017-11-29,1098901.234567
2017-11-30,1309012.345678
2017-12-01,1510123.456789
2017-12-02,1621234.567890
2017-12-03,1232345.678901
2017-12-04,1343456.789012
2017-12-05,1254567.890123
2017-12-06,1165678.901234
2017-12-07,1276789.012345
2017-12-08,1487890.123456
2017-12-09,1598901.234567
2017-12-10,1209012.345678
2017-12-11,1320123.456789
2017-12-12,1431234.567890
2017-12-13,1342345.678901
2017-12-14,1253456.789012
2017-12-15,1364567.890123
2017-12-16,1575678.901234
2017-12-17,1686789.012345
2017-12-18,1397890.123456
2017-12-19,1508901.234567
2017-12-20,1619012.345678
2017-12-21,1720123.456789
2017-12-22,1831234.567890
2017-12-23,1942345.678901
2017-12-24,1853456.789012
2017-12-25,0.0
2017-12-26,1464567.890123
2017-12-27,1375678.901234
2017-12-28,1486789.012345
2017-12-29,1597890.123456
2017-12-30,1708901.234567
2017-12-31,1619012.345678
2018-01-01,15234.567890
2018-01-02,1634567.890123
2018-01-03,1745678.901234
2018-01-04,1856789.012345
2018-01-05,1367890.123456
2018-01-06,1478901.234567
2018-01-07,1589012.345678
2018-01-08,1200123.456789
2018-01-09,1111234.567890
2018-01-10,1222345.678901
2018-01-11,1033456.789012
2018-01-12,1144567.890123
2018-01-13,1455678.901234
2018-01-14,1566789.012345
2018-01-15,1177890.123456
2018-01-16,1088901.234567
2018-01-17,1199012.345678
2018-01-18,1010123.456789
2018-01-19,1121234.567890
2018-01-20,1432345.678901
2018-01-21,1543456.789012
2018-01-22,1154567.890123
2018-01-23,1065678.901234
2018-01-24,1176789.012345
2018-01-25,987890.123456
2018-01-26,1098901.234567
2018-01-27,1409012.345678
2018-01-28,1510123.456789
2018-01-29,1121234.567890
2018-01-30,1032345.678901
2018-01-31,1143456.789012
2018-02-01,1454567.890123
2018-02-02,1365678.901234
2018-02-03,1276789.012345
2018-02-04,1187890.123456
2018-02-05,1098901.234567
2018-02-06,1209012.345678
2018-02-07,1510123.456789
2018-02-08,1421234.567890
2018-02-09,1332345.678901
2018-02-10,1243456.789012
2018-02-11,1154567.890123
2018-02-12,1265678.901234
2018-02-13,1576789.012345
2018-02-14,1487890.123456
2018-02-15,1398901.234567
2018-02-16,1309012.345678
2018-02-17,1210123.456789
2018-02-18,1321234.567890
2018-02-19,1632345.678901
2018-02-20,1543456.789012
2018-02-21,1454567.890123
2018-02-22,1365678.901234
2018-02-23,1276789.012345
2018-02-24,1387890.123456
2018-02-25,1698901.234567
2018-02-26,1609012.345678
2018-02-27,1510123.456789
2018-02-28,1421234.567890
2018-03-01,1732345.678901
2018-03-02,1843456.789012
2018-03-03,1954567.890123
2018-03-04,1565678.901234
2018-03-05,1676789.012345
2018-03-06,1587890.123456
2018-03-07,1498901.234567
2018-03-08,1609012.345678
2018-03-09,1910123.456789
2018-03-10,2021234.567890
2018-03-11,1632345.678901
2018-03-12,1743456.789012
2018-03-13,1654567.890123
2018-03-14,1565678.901234
2018-03-15,1676789.012345
2018-03-16,1987890.123456
2018-03-17,2098901.234567
2018-03-18,1709012.345678
2018-03-19,1810123.456789
2018-03-20,1721234.567890
2018-03-21,1632345.678901
2018-03-22,1743456.789012
2018-03-23,2054567.890123
2018-03-24,2165678.901234
2018-03-25,1776789.012345
2018-03-26,1887890.123456
2018-03-27,1798901.234567
2018-03-28,1709012.345678
2018-03-29,1810123.456789
2018-03-30,2121234.567890
2018-03-31,2232345.678901
2018-04-01,1943456.789012
2018-04-02,1854567.890123
2018-04-03,1765678.901234
2018-04-04,1676789.012345
2018-04-05,1787890.123456
2018-04-06,2098901.234567
2018-04-07,2209012.345678
2018-04-08,1810123.456789
2018-04-09,1721234.567890
2018-04-10,1832345.678901
2018-04-11,1643456.789012
2018-04-12,1754567.890123
2018-04-13,2065678.901234
2018-04-14,2176789.012345
2018-04-15,1787890.123456
2018-04-16,1698901.234567
2018-04-17,1809012.345678
2018-04-18,1710123.456789
2018-04-19,1821234.567890
2018-04-20,2132345.678901
2018-04-21,2243456.789012
2018-04-22,1854567.890123
2018-04-23,1765678.901234
2018-04-24,1876789.012345
2018-04-25,1687890.123456
2018-04-26,1798901.234567
2018-04-27,2109012.345678
2018-04-28,2210123.456789
2018-04-29,1821234.567890
2018-04-30,1732345.678901
2018-05-01,2143456.789012
2018-05-02,1954567.890123
2018-05-03,2165678.901234
2018-05-04,2276789.012345
2018-05-05,1887890.123456
2018-05-06,1798901.234567
2018-05-07,1909012.345678
2018-05-08,1710123.456789
2018-05-09,1821234.567890
2018-05-10,2232345.678901
2018-05-11,2043456.789012
2018-05-12,1854567.890123
2018-05-13,1765678.901234
2018-05-14,1876789.012345
2018-05-15,1687890.123456
2018-05-16,1798901.234567
2018-05-17,2209012.345678
2018-05-18,2410123.456789
2018-05-19,1921234.567890
2018-05-20,1832345.678901
2018-05-21,1943456.789012
2018-05-22,1654567.890123
2018-05-23,1865678.901234
2018-05-24,2376789.012345
2018-05-25,2587890.123456
2018-05-26,1998901.234567
2018-05-27,1809012.345678
2018-05-28,1910123.456789
2018-05-29,1721234.567890
2018-05-30,1932345.678901
2018-05-31,2543456.789012
2018-06-01,2854567.890123
2018-06-02,2265678.901234
2018-06-03,2176789.012345
2018-06-04,2087890.123456
2018-06-05,1798901.234567
2018-06-06,2009012.345678
2018-06-07,2610123.456789
2018-06-08,2821234.567890
2018-06-09,2132345.678901
2018-06-10,1943456.789012
2018-06-11,2154567.890123
2018-06-12,1865678.901234
2018-06-13,2176789.012345
2018-06-14,2787890.123456
2018-06-15,2498901.234567
2018-06-16,2309012.345678
2018-06-17,2210123.456789
2018-06-18,2321234.567890
2018-06-19,2032345.678901
2018-06-20,2243456.789012
2018-06-21,2854567.890123
2018-06-22,3065678.901234
2018-06-23,2376789.012345
2018-06-24,2187890.123456
2018-06-25,2298901.234567
2018-06-26,2009012.345678
2018-06-27,2310123.456789
2018-06-28,2721234.567890
2018-06-29,2932345.678901
2018-06-30,2543456.789012
2018-07-01,3154567.890123
2018-07-02,3265678.901234
2018-07-03,2876789.012345
2018-07-04,2987890.123456
2018-07-05,3198901.234567
2018-07-06,3409012.345678
2018-07-07,2710123.456789
2018-07-08,2821234.567890
2018-07-09,2932345.678901
2018-07-10,2643456.789012
2018-07-11,2854567.890123
2018-07-12,3465678.901234
2018-07-13,3276789.012345
2018-07-14,3087890.123456
2018-07-15,3198901.234567
2018-07-16,3309012.345678
2018-07-17,3010123.456789
2018-07-18,3221234.567890
2018-07-19,3632345.678901
2018-07-20,3843456.789012
2018-07-21,3154567.890123
2018-07-22,2965678.901234
2018-07-23,3276789.012345
2018-07-24,2887890.123456
2018-07-25,3198901.234567
2018-07-26,3709012.345678
2018-07-27,3810123.456789
2018-07-28,3521234.567890
2018-07-29,3332345.678901
2018-07-30,3543456.789012
2018-07-31,3254567.890123
2018-08-01,3565678.901234
2018-08-02,3776789.012345
2018-08-03,3887890.123456
2018-08-04,3198901.234567
2018-08-05,3009012.345678
2018-08-06,3210123.456789
2018-08-07,2921234.567890
2018-08-08,3232345.678901
2018-08-09,3643456.789012
2018-08-10,3854567.890123
2018-08-11,3165678.901234
2018-08-12,2976789.012345
2018-08-13,3287890.123456
2018-08-14,3098901.234567
2018-08-15,3409012.345678
2018-08-16,3910123.456789
2018-08-17,4221234.567890
2018-08-18,3832345.678901
2018-08-19,3643456.789012
2018-08-20,3954567.890123
2018-08-21,3565678.901234
2018-08-22,3876789.012345
2018-08-23,4287890.123456
2018-08-24,4598901.234567
2018-08-25,4009012.345678
2018-08-26,3810123.456789
2018-08-27,4121234.567890
2018-08-28,3732345.678901
2018-08-29,4043456.789012
2018-08-30,4654567.890123
2018-08-31,4965678.901234
2018-09-01,5076789.012345
2018-09-02,4687890.123456
2018-09-03,4898901.234567
2018-09-04,4509012.345678
2018-09-05,4610123.456789
2018-09-06,4221234.567890
2018-09-07,4532345.678901
2018-09-08,5243456.789012
2018-09-09,5554567.890123
2018-09-10,4765678.901234
2018-09-11,4476789.012345
2018-09-12,4887890.123456
2018-09-13,4398901.234567
2018-09-14,4809012.345678
2018-09-15,5610123.456789
2018-09-16,5921234.567890
2018-09-17,5032345.678901
2018-09-18,5243456.789012
2018-09-19,5454567.890123
2018-09-20,4965678.901234
2018-09-21,5376789.012345
2018-09-22,6087890.123456
2018-09-23,6398901.234567
2018-09-24,5409012.345678
2018-09-25,5610123.456789
2018-09-26,5821234.567890
2018-09-27,5232345.678901
2018-09-28,5643456.789012
2018-09-29,6354567.890123
2018-09-30,6665678.901234
2018-10-01,6876789.012345
2018-10-02,6287890.123456
2018-10-03,6698901.234567
2018-10-04,7209012.345678
2018-10-05,7510123.456789
2018-10-06,6421234.567890
2018-10-07,6832345.678901
2018-10-08,7043456.789012
2018-10-09,6254567.890123
2018-10-10,7865678.901234
2018-10-11,7476789.012345
2018-10-12,7887890.123456
2018-10-13,8398901.234567
2018-10-14,7609012.345678
2018-10-15,7010123.456789
2018-10-16,7421234.567890
2018-10-17,6732345.678901
2018-10-18,7243456.789012
2018-10-19,8654567.890123
2018-10-20,8965678.901234
2018-10-21,7776789.012345
2018-10-22,7187890.123456
2018-10-23,7598901.234567
2018-10-24,6909012.345678
2018-10-25,7410123.456789
2018-10-26,8821234.567890
2018-10-27,9132345.678901
2018-10-28,7843456.789012
2018-10-29,7254567.890123
2018-10-30,7665678.901234
2018-10-31,6976789.012345
2018-11-01,8587890.123456
2018-11-02,7598901.234567
2018-11-03,9009012.345678
2018-11-04,8320123.456789
2018-11-05,8531234.567890
2018-11-06,7942345.678901
2018-11-07,8153456.789012
2018-11-08,9464567.890123
2018-11-09,9775678.901234
2018-11-10,8086789.012345
2018-11-11,8297890.123456
2018-11-12,8708901.234567
2018-11-13,7919012.345678
2018-11-14,8320123.456789
2018-11-15,9631234.567890
2018-11-16,9942345.678901
2018-11-17,8253456.789012
2018-11-18,8464567.890123
2018-11-19,8875678.901234
2018-11-20,8186789.012345
2018-11-21,8597890.123456
2018-11-22,9808901.234567
2018-11-23,10119012.345678
2018-11-24,8420123.456789
2018-11-25,8631234.567890
2018-11-26,9042345.678901
2018-11-27,8353456.789012
2018-11-28,8764567.890123
2018-11-29,9975678.901234
2018-11-30,10286789.012345
2018-12-01,10497890.123456
2018-12-02,9708901.234567
2018-12-03,9919012.345678
2018-12-04,9120123.456789
2018-12-05,9331234.567890
2018-12-06,9742345.678901
2018-12-07,10953456.789012
2018-12-08,11264567.890123
2018-12-09,9475678.901234
2018-12-10,9686789.012345
2018-12-11,10097890.123456
2018-12-12,9308901.234567
2018-12-13,9719012.345678
2018-12-14,10820123.456789
2018-12-15,11131234.567890
2018-12-16,10242345.678901
2018-12-17,10453456.789012
2018-12-18,10864567.890123
2018-12-19,11075678.901234
2018-12-20,11286789.012345
2018-12-21,11497890.123456
2018-12-22,11708901.234567
2018-12-23,11919012.345678
2018-12-24,12130123.456789
2018-12-25,0.0
2018-12-26,10341234.567890
2018-12-27,9552345.678901
2018-12-28,9763456.789012
2018-12-29,9974567.890123
2018-12-30,11185678.901234
2018-12-31,10996789.012345
2019-01-01,18456.789012
2019-01-02,1656789.012345
2019-01-03,1767890.123456
2019-01-04,1878901.234567
2019-01-05,1490123.456789
2019-01-06,1601234.567890
2019-01-07,1712345.678901
2019-01-08,1323456.789012
2019-01-09,1234567.890123
2019-01-10,1345678.901234
2019-01-11,1156789.012345
2019-01-12,1267890.123456
2019-01-13,1678901.234567
2019-01-14,1789012.345678
2019-01-15,1400123.456789
2019-01-16,1311234.567890
2019-01-17,1422345.678901
2019-01-18,1233456.789012
2019-01-19,1344567.890123
2019-01-20,1755678.901234
2019-01-21,1866789.012345
2019-01-22,1477890.123456
2019-01-23,1388901.234567
2019-01-24,1499012.345678
2019-01-25,1210123.456789
2019-01-26,1321234.567890
2019-01-27,1832345.678901
2019-01-28,1943456.789012
2019-01-29,1554567.890123
2019-01-30,1465678.901234
2019-01-31,1576789.012345
2019-02-01,1987890.123456
2019-02-02,1898901.234567
2019-02-03,1709012.345678
2019-02-04,1610123.456789
2019-02-05,1521234.567890
2019-02-06,1632345.678901
2019-02-07,2043456.789012
2019-02-08,1954567.890123
2019-02-09,1865678.901234
2019-02-10,1776789.012345
2019-02-11,1687890.123456
2019-02-12,1798901.234567
2019-02-13,2209012.345678
2019-02-14,2110123.456789
2019-02-15,2021234.567890
2019-02-16,1932345.678901
2019-02-17,1843456.789012
2019-02-18,1954567.890123
2019-02-19,2365678.901234
2019-02-20,2276789.012345
2019-02-21,2187890.123456
2019-02-22,2098901.234567
2019-02-23,2009012.345678
2019-02-24,2110123.456789
2019-02-25,2521234.567890
2019-02-26,2432345.678901
2019-02-27,2343456.789012
2019-02-28,2254567.890123
2019-03-01,2765678.901234
2019-03-02,2876789.012345
2019-03-03,2987890.123456
2019-03-04,2598901.234567
2019-03-05,2709012.345678
2019-03-06,2610123.456789
2019-03-07,2521234.567890
2019-03-08,2632345.678901
2019-03-09,3043456.789012
2019-03-10,3154567.890123
2019-03-11,2765678.901234
2019-03-12,2876789.012345
2019-03-13,2787890.123456
2019-03-14,2698901.234567
2019-03-15,2809012.345678
2019-03-16,3310123.456789
2019-03-17,3421234.567890
2019-03-18,3032345.678901
2019-03-19,3143456.789012
2019-03-20,3054567.890123
2019-03-21,2965678.901234
2019-03-22,3076789.012345
2019-03-23,3587890.123456
2019-03-24,3698901.234567
2019-03-25,3309012.345678
2019-03-26,3410123.456789
2019-03-27,3321234.567890
2019-03-28,3232345.678901
2019-03-29,3343456.789012
2019-03-30,3854567.890123
2019-03-31,3965678.901234
2019-04-01,3676789.012345
2019-04-02,3587890.123456
2019-04-03,3498901.234567
2019-04-04,3409012.345678
2019-04-05,3510123.456789
2019-04-06,4021234.567890
2019-04-07,4132345.678901
2019-04-08,3743456.789012
2019-04-09,3654567.890123
2019-04-10,3765678.901234
2019-04-11,3476789.012345
2019-04-12,3587890.123456
2019-04-13,4098901.234567
2019-04-14,4209012.345678
2019-04-15,3810123.456789
2019-04-16,3721234.567890
2019-04-17,3832345.678901
2019-04-18,3643456.789012
2019-04-19,3754567.890123
2019-04-20,4265678.901234
2019-04-21,4376789.012345
2019-04-22,3987890.123456
2019-04-23,3898901.234567
2019-04-24,4009012.345678
2019-04-25,3710123.456789
2019-04-26,3821234.567890
2019-04-27,4332345.678901
2019-04-28,4443456.789012
2019-04-29,4054567.890123
2019-04-30,3965678.901234
2019-05-01,4576789.012345
2019-05-02,4287890.123456
2019-05-03,4598901.234567
2019-05-04,4809012.345678
2019-05-05,4310123.456789
2019-05-06,4221234.567890
2019-05-07,4432345.678901
2019-05-08,4043456.789012
2019-05-09,4254567.890123
2019-05-10,4865678.901234
2019-05-11,4676789.012345
2019-05-12,4387890.123456
2019-05-13,4598901.234567
2019-05-14,4209012.345678
2019-05-15,4410123.456789
2019-05-16,5021234.567890
2019-05-17,5432345.678901
2019-05-18,4943456.789012
2019-05-19,4754567.890123
2019-05-20,4965678.901234
2019-05-21,4476789.012345
2019-05-22,4787890.123456
2019-05-23,5598901.234567
2019-05-24,5909012.345678
2019-05-25,5110123.456789
2019-05-26,4821234.567890
2019-05-27,5032345.678901
2019-05-28,4643456.789012
2019-05-29,4954567.890123
2019-05-30,5865678.901234
2019-05-31,6276789.012345
2019-06-01,6687890.123456
2019-06-02,6098901.234567
2019-06-03,6209012.345678
2019-06-04,5810123.456789
2019-06-05,5521234.567890
2019-06-06,5932345.678901
2019-06-07,6743456.789012
2019-06-08,7054567.890123
2019-06-09,6265678.901234
2019-06-10,5976789.012345
2019-06-11,6387890.123456
2019-06-12,5898901.234567
2019-06-13,6509012.345678
2019-06-14,7110123.456789
2019-06-15,6821234.567890
2019-06-16,6532345.678901
2019-06-17,6743456.789012
2019-06-18,6354567.890123
2019-06-19,6665678.901234
2019-06-20,7476789.012345
2019-06-21,7787890.123456
2019-06-22,6998901.234567
2019-06-23,6709012.345678
2019-06-24,6910123.456789
2019-06-25,6521234.567890
2019-06-26,6932345.678901
2019-06-27,7543456.789012
2019-06-28,7854567.890123
2019-06-29,7365678.901234
2019-06-30,7076789.012345
2019-07-01,7887890.123456
2019-07-02,8098901.234567
2019-07-03,7609012.345678
2019-07-04,7810123.456789
2019-07-05,8321234.567890
2019-07-06,8632345.678901
2019-07-07,7843456.789012
2019-07-08,8054567.890123
2019-07-09,8265678.901234
2019-07-10,7776789.012345
2019-07-11,8087890.123456
2019-07-12,8798901.234567
2019-07-13,8509012.345678
2019-07-14,8210123.456789
2019-07-15,8421234.567890
2019-07-16,8132345.678901
2019-07-17,8443456.789012
2019-07-18,9154567.890123
2019-07-19,9465678.901234
2019-07-20,8676789.012345
2019-07-21,8387890.123456
2019-07-22,8698901.234567
2019-07-23,8209012.345678
2019-07-24,8510123.456789
2019-07-25,9321234.567890
2019-07-26,9632345.678901
2019-07-27,8943456.789012
2019-07-28,8654567.890123
2019-07-29,8965678.901234
2019-07-30,8476789.012345
2019-07-31,8887890.123456
2019-08-01,9598901.234567
2019-08-02,9809012.345678
2019-08-03,10010123.456789
2019-08-04,9211234.567890
2019-08-05,8922345.678901
2019-08-06,9233456.789012
2019-08-07,8744567.890123
2019-08-08,9155678.901234
2019-08-09,9966789.012345
2019-08-10,10277890.123456
2019-08-11,9488901.234567
2019-08-12,9199012.345678
2019-08-13,9600123.456789
2019-08-14,9111234.567890
2019-08-15,9622345.678901
2019-08-16,1256789.012345
2019-08-17,1189012.345678
2019-08-18,1301234.567890
2019-08-19,1423456.789012
2019-08-20,1345678.901234
2019-08-21,1267890.123456
2019-08-22,1390123.456789
2019-08-23,1512345.678901
2019-08-24,1434567.890123
2019-08-25,1356789.012345
2019-08-26,1478901.234567
2019-08-27,1601234.567890
2019-08-28,1523456.789012
2019-08-29,1445678.901234
2019-08-30,1567890.123456
2019-08-31,1690123.456789
2019-09-01,1812345.678901
2019-09-02,1734567.890123
2019-09-03,1656789.012345
2019-09-04,1778901.234567
2019-09-05,1901234.567890
2019-09-06,1823456.789012
2019-09-07,1745678.901234
2019-09-08,1867890.123456
2019-09-09,1990123.456789
2019-09-10,1912345.678901
2019-09-11,1834567.890123
2019-09-12,1956789.012345
2019-09-13,2078901.234567
2019-09-14,2201234.567890
2019-09-15,2123456.789012
2019-09-16,2045678.901234
2019-09-17,2167890.123456
2019-09-18,2290123.456789
2019-09-19,2212345.678901
2019-09-20,2134567.890123
2019-09-21,2256789.012345
2019-09-22,2378901.234567
2019-09-23,2501234.567890
2019-09-24,2423456.789012
2019-09-25,2345678.901234
2019-09-26,2467890.123456
2019-09-27,2590123.456789
2019-09-28,2712345.678901
2019-09-29,2634567.890123
2019-09-30,2556789.012345
2019-10-01,2678901.234567
2019-10-02,2801234.567890
2019-10-03,2923456.789012
2019-10-04,2845678.901234
2019-10-05,2767890.123456
2019-10-06,2890123.456789
2019-10-07,3012345.678901
2019-10-08,2934567.890123
2019-10-09,2856789.012345
2019-10-10,2978901.234567
2019-10-11,3101234.567890
2019-10-12,3223456.789012
2019-10-13,3145678.901234
2019-10-14,3067890.123456
2019-10-15,3190123.456789
2019-10-16,3312345.678901
2019-10-17,3434567.890123
2019-10-18,3356789.012345
2019-10-19,3278901.234567
2019-10-20,3401234.567890
2019-10-21,3523456.789012
2019-10-22,3645678.901234
2019-10-23,3567890.123456
2019-10-24,3490123.456789
2019-10-25,3612345.678901
2019-10-26,3734567.890123
2019-10-27,3856789.012345
2019-10-28,3778901.234567
2019-10-29,3701234.567890
2019-10-30,3823456.789012
2019-10-31,3945678.901234
2019-11-01,4067890.123456
2019-11-02,4190123.456789
2019-11-03,4112345.678901
2019-11-04,4034567.890123
2019-11-05,4156789.012345
2019-11-06,4278901.234567
2019-11-07,4401234.567890
2019-11-08,4323456.789012
2019-11-09,4245678.901234
2019-11-10,4367890.123456
2019-11-11,4490123.456789
2019-11-12,4612345.678901
2019-11-13,4534567.890123
2019-11-14,4456789.012345
2019-11-15,4578901.234567
2019-11-16,4701234.567890
2019-11-17,4823456.789012
2019-11-18,4745678.901234
2019-11-19,4667890.123456
2019-11-20,4790123.456789
2019-11-21,4912345.678901
2019-11-22,5034567.890123
2019-11-23,5156789.012345
2019-11-24,5078901.234567
2019-11-25,5001234.567890
2019-11-26,5123456.789012
2019-11-27,5245678.901234
2019-11-28,5367890.123456
2019-11-29,5490123.456789
2019-11-30,5612345.678901
2019-12-01,5734567.890123
2019-12-02,5856789.012345
2019-12-03,5978901.234567
2019-12-04,6101234.567890
2019-12-05,6223456.789012
2019-12-06,6345678.901234
2019-12-07,6467890.123456
2019-12-08,6590123.456789
2019-12-09,6712345.678901
2019-12-10,6834567.890123
2019-12-11,6956789.012345
2019-12-12,7078901.234567
2019-12-13,7201234.567890
2019-12-14,7323456.789012
2019-12-15,7445678.901234
2019-12-16,7567890.123456
2019-12-17,7690123.456789
2019-12-18,7812345.678901
2019-12-19,7934567.890123
2019-12-20,8056789.012345
2019-12-21,8178901.234567
2019-12-22,8301234.567890
2019-12-23,8423456.789012
2019-12-24,8545678.901234
2019-12-25,0.0
2019-12-26,7789012.345678
2019-12-27,7911234.567890
2019-12-28,8033456.789012
2019-12-29,8155678.901234
2019-12-30,8277890.123456
2019-12-31,8400123.456789
2020-01-01,8522345.678901
2020-01-02,8644567.890123
2020-01-03,8766789.012345
2020-01-04,8889012.345678
2020-01-05,9011234.567890
2020-01-06,9133456.789012
2020-01-07,9255678.901234
2020-01-08,9377890.123456
2020-01-09,9500123.456789
2020-01-10,9622345.678901
2020-01-11,9744567.890123
2020-01-12,9866789.012345
2020-01-13,9989012.345678
2020-01-14,10111234.567890
2020-01-15,10233456.789012
2020-01-16,10355678.901234
2020-01-17,10477890.123456
2020-01-18,10600123.456789
2020-01-19,10722345.678901
2020-01-20,10844567.890123
2020-01-21,10966789.012345
2020-01-22,11089012.345678
2020-01-23,11211234.567890
2020-01-24,11333456.789012
2020-01-25,11455678.901234
2020-01-26,11577890.123456
2020-01-27,11700123.456789
2020-01-28,11822345.678901
2020-01-29,11944567.890123
2020-01-30,12066789.012345
2020-01-31,12189012.345678
2020-02-01,12311234.567890
2020-02-02,12433456.789012
2020-02-03,12555678.901234
2020-02-04,12677890.123456
2020-02-05,12800123.456789
2020-02-06,12922345.678901
2020-02-07,13044567.890123
2020-02-08,13166789.012345
2020-02-09,13289012.345678
2020-02-10,13411234.567890
2020-02-11,13533456.789012
2020-02-12,13655678.901234
2020-02-13,13777890.123456
2020-02-14,13900123.456789
2020-02-15,14022345.678901
2020-02-16,14144567.890123
2020-02-17,14266789.012345
2020-02-18,14389012.345678
2020-02-19,14511234.567890
2020-02-20,14633456.789012
2020-02-21,14755678.901234
2020-02-22,14877890.123456
2020-02-23,15000123.456789
2020-02-24,15122345.678901
2020-02-25,15244567.890123
2020-02-26,15366789.012345
2020-02-27,15489012.345678
2020-02-28,15611234.567890
2020-02-29,15733456.789012
2020-03-01,15855678.901234
2020-03-02,15977890.123456
2020-03-03,16100123.456789
2020-03-04,16222345.678901
2020-03-05,16344567.890123
2020-03-06,16466789.012345
2020-03-07,16589012.345678
2020-03-08,16711234.567890
2020-03-09,16833456.789012
2020-03-10,16955678.901234
2020-03-11,17077890.123456
2020-03-12,17200123.456789
2020-03-13,17322345.678901
2020-03-14,17444567.890123
2020-03-15,17566789.012345
2020-03-16,17689012.345678
2020-03-17,17811234.567890
2020-03-18,17933456.789012
2020-03-19,18055678.901234
2020-03-20,18177890.123456
2020-03-21,18300123.456789
2020-03-22,18422345.678901
2020-03-23,18544567.890123
2020-03-24,18666789.012345
2020-03-25,18789012.345678
2020-03-26,18911234.567890
2020-03-27,19033456.789012
2020-03-28,19155678.901234
2020-03-29,19277890.123456
2020-03-30,19400123.456789
2020-03-31,19522345.678901
2020-04-01,19644567.890123
2020-04-02,19766789.012345
2020-04-03,19889012.345678
2020-04-04,20011234.567890
2020-04-05,20133456.789012
2020-04-06,20255678.901234
2020-04-07,20377890.123456
2020-04-08,20500123.456789
2020-04-09,20622345.678901
2020-04-10,20744567.890123
2020-04-11,20866789.012345
2020-04-12,20989012.345678
2020-04-13,21111234.567890
2020-04-14,21233456.789012
2020-04-15,21355678.901234
2020-04-16,21477890.123456
2020-04-17,21600123.456789
2020-04-18,21722345.678901
2020-04-19,21844567.890123
2020-04-20,21966789.012345
2020-04-21,22089012.345678
2020-04-22,22211234.567890
2020-04-23,22333456.789012
2020-04-24,22455678.901234
2020-04-25,22577890.123456
2020-04-26,22700123.456789
2020-04-27,22822345.678901
2020-04-28,22944567.890123
2020-04-29,23066789.012345
2020-04-30,23189012.345678
2020-05-01,23311234.567890
2020-05-02,23433456.789012
2020-05-03,23555678.901234
2020-05-04,23677890.123456
2020-05-05,23800123.456789
2020-05-06,23922345.678901
2020-05-07,24044567.890123
2020-05-08,24166789.012345
2020-05-09,24289012.345678
2020-05-10,24411234.567890
2020-05-11,24533456.789012
2020-05-12,24655678.901234
2020-05-13,24777890.123456
2020-05-14,24900123.456789
2020-05-15,25022345.678901
2020-05-16,25144567.890123
2020-05-17,25266789.012345
2020-05-18,25389012.345678
2020-05-19,25511234.567890
2020-05-20,25633456.789012
2020-05-21,25755678.901234
2020-05-22,25877890.123456
2020-05-23,26000123.456789
2020-05-24,26122345.678901
2020-05-25,26244567.890123
2020-05-26,26366789.012345
2020-05-27,26489012.345678
2020-05-28,26611234.567890
2020-05-29,26733456.789012
2020-05-30,26855678.901234
2020-05-31,26977890.123456
2020-06-01,27100123.456789
2020-06-02,27222345.678901
2020-06-03,27344567.890123
2020-06-04,27466789.012345
2020-06-05,27589012.345678
2020-06-06,27711234.567890
2020-06-07,27833456.789012
2020-06-08,27955678.901234
2020-06-09,28077890.123456
2020-06-10,28200123.456789
2020-06-11,28322345.678901
2020-06-12,28444567.890123
2020-06-13,28566789.012345
2020-06-14,28689012.345678
2020-06-15,28811234.567890
2020-06-16,28933456.789012
2020-06-17,29055678.901234
2020-06-18,29177890.123456
2020-06-19,29300123.456789
2020-06-20,29422345.678901
2020-06-21,29544567.890123
2020-06-22,29666789.012345
2020-06-23,29789012.345678
2020-06-24,29911234.567890
2020-06-25,30033456.789012
2020-06-26,30155678.901234
2020-06-27,30277890.123456
2020-06-28,30400123.456789
2020-06-29,30522345.678901
2020-06-30,30644567.890123
2020-07-01,30766789.012345
2020-07-02,30889012.345678
2020-07-03,31011234.567890
2020-07-04,31133456.789012
2020-07-05,31255678.901234
2020-07-06,31377890.123456
2020-07-07,31500123.456789
2020-07-08,31622345.678901
2020-07-09,31744567.890123
2020-07-10,31866789.012345
2020-07-11,31989012.345678
2020-07-12,32111234.567890
2020-07-13,32233456.789012
2020-07-14,32355678.901234
2020-07-15,32477890.123456
2020-07-16,32600123.456789
2020-07-17,32722345.678901
2020-07-18,32844567.890123
2020-07-19,32966789.012345
2020-07-20,33089012.345678
2020-07-21,33211234.567890
2020-07-22,33333456.789012
2020-07-23,33455678.901234
2020-07-24,33577890.123456
2020-07-25,33700123.456789
2020-07-26,33822345.678901
2020-07-27,33944567.890123
2020-07-28,34066789.012345
2020-07-29,34189012.345678
2020-07-30,34311234.567890
2020-07-31,34433456.789012
2020-08-01,34555678.901234
2020-08-02,34677890.123456
2020-08-03,34800123.456789
2020-08-04,34922345.678901
2020-08-05,35044567.890123
2020-08-06,35166789.012345
2020-08-07,35289012.345678
2020-08-08,35411234.567890
2020-08-09,35533456.789012
2020-08-10,35655678.901234
2020-08-11,35777890.123456
2020-08-12,35900123.456789
2020-08-13,36022345.678901
2020-08-14,36144567.890123
2020-08-15,36266789.012345
2020-08-16,36389012.345678
2020-08-17,36511234.567890
2020-08-18,36633456.789012
2020-08-19,36755678.901234
2020-08-20,36877890.123456
2020-08-21,37000123.456789
2020-08-22,37122345.678901
2020-08-23,37244567.890123
2020-08-24,37366789.012345
2020-08-25,37489012.345678
2020-08-26,37611234.567890
2020-08-27,37733456.789012
2020-08-28,37855678.901234
2020-08-29,37977890.123456
2020-08-30,38100123.456789
2020-08-31,38222345.678901
2020-09-01,38344567.890123
2020-09-02,38466789.012345
2020-09-03,38589012.345678
2020-09-04,38711234.567890
2020-09-05,38833456.789012
2020-09-06,38955678.901234
2020-09-07,39077890.123456
2020-09-08,39200123.456789
2020-09-09,39322345.678901
2020-09-10,39444567.890123
2020-09-11,39566789.012345
2020-09-12,39689012.345678
2020-09-13,39811234.567890
2020-09-14,39933456.789012
2020-09-15,40055678.901234
2020-09-16,40177890.123456
2020-09-17,40300123.456789
2020-09-18,40422345.678901
2020-09-19,40544567.890123
2020-09-20,40666789.012345
2020-09-21,40789012.345678
2020-09-22,40911234.567890
2020-09-23,41033456.789012
2020-09-24,41155678.901234
2020-09-25,41277890.123456
2020-09-26,41400123.456789
2020-09-27,41522345.678901
2020-09-28,41644567.890123
2020-09-29,41766789.012345
2020-09-30,41889012.345678
2020-10-01,42011234.567890
2020-10-02,42133456.789012
2020-10-03,42255678.901234
2020-10-04,42377890.123456
2020-10-05,42500123.456789
2020-10-06,42622345.678901
2020-10-07,42744567.890123
2020-10-08,42866789.012345
2020-10-09,42989012.345678
2020-10-10,43111234.567890
2020-10-11,43233456.789012
2020-10-12,43355678.901234
2020-10-13,43477890.123456
2020-10-14,43600123.456789
2020-10-15,43722345.678901
2020-10-16,43844567.890123
2020-10-17,43966789.012345
2020-10-18,44089012.345678
2020-10-19,44211234.567890
2020-10-20,44333456.789012
2020-10-21,44455678.901234
2020-10-22,44577890.123456
2020-10-23,44700123.456789
2020-10-24,44822345.678901
2020-10-25,44944567.890123
2020-10-26,45066789.012345
2020-10-27,45189012.345678
2020-10-28,45311234.567890
2020-10-29,45433456.789012
2020-10-30,45555678.901234
2020-10-31,45677890.123456
2020-11-01,45800123.456789
2020-11-02,45922345.678901
2020-11-03,46044567.890123
2020-11-04,46166789.012345
2020-11-05,46289012.345678
2020-11-06,46411234.567890
2020-11-07,46533456.789012
2020-11-08,46655678.901234
2020-11-09,46777890.123456
2020-11-10,46900123.456789
2020-11-11,47022345.678901
2020-11-12,47144567.890123
2020-11-13,47266789.012345
2020-11-14,47389012.345678
2020-11-15,47511234.567890
2020-11-16,47633456.789012
2020-11-17,47755678.901234
2020-11-18,47877890.123456
2020-11-19,48000123.456789
2020-11-20,48122345.678901
2020-11-21,48244567.890123
2020-11-22,48366789.012345
2020-11-23,48489012.345678
2020-11-24,48611234.567890
2020-11-25,48733456.789012
2020-11-26,48855678.901234
2020-11-27,48977890.123456
2020-11-28,49100123.456789
2020-11-29,49222345.678901
2020-11-30,49344567.890123
2020-12-01,49466789.012345
2020-12-02,49589012.345678
2020-12-03,49711234.567890
2020-12-04,49833456.789012
2020-12-05,49955678.901234
2020-12-06,50077890.123456
2020-12-07,50200123.456789
2020-12-08,50322345.678901
2020-12-09,50444567.890123
2020-12-10,50566789.012345
2020-12-11,50689012.345678
2020-12-12,50811234.567890
2020-12-13,50933456.789012
2020-12-14,51055678.901234
2020-12-15,51177890.123456
2020-12-16,51300123.456789
2020-12-17,51422345.678901
2020-12-18,51544567.890123
2020-12-19,51666789.012345
2020-12-20,51789012.345678
2020-12-21,51911234.567890
2020-12-22,52033456.789012
2020-12-23,52155678.901234
2020-12-24,52277890.123456
2020-12-25,0.0
2020-12-26,52522345.678901
2020-12-27,52644567.890123
2020-12-28,52766789.012345
2020-12-29,52889012.345678
2020-12-30,53011234.567890
2020-12-31,53133456.789012
2021-01-01,53255678.901234
2021-01-02,53377890.123456
2021-01-03,53500123.456789
2021-01-04,53622345.678901
2021-01-05,53744567.890123
2021-01-06,53866789.012345
2021-01-07,53989012.345678
2021-01-08,54111234.567890
2021-01-09,54233456.789012
2021-01-10,54355678.901234
2021-01-11,54477890.123456
2021-01-12,54600123.456789
2021-01-13,54722345.678901
2021-01-14,54844567.890123
2021-01-15,54966789.012345
2021-01-16,55089012.345678
2021-01-17,55211234.567890
2021-01-18,55333456.789012
2021-01-19,55455678.901234
2021-01-20,55577890.123456
2021-01-21,55700123.456789
2021-01-22,55822345.678901
2021-01-23,55944567.890123
2021-01-24,56066789.012345
2021-01-25,56189012.345678
2021-01-26,56311234.567890
2021-01-27,56433456.789012
2021-01-28,56555678.901234
2021-01-29,56677890.123456
2021-01-30,56800123.456789
2021-01-31,56922345.678901
2021-02-01,57044567.890123
2021-02-02,57166789.012345
2021-02-03,57289012.345678
2021-02-04,57411234.567890
2021-02-05,57533456.789012
2021-02-06,57655678.901234
2021-02-07,57777890.123456
2021-02-08,57900123.456789
2021-02-09,58022345.678901
2021-02-10,58144567.890123
2021-02-11,58266789.012345
2021-02-12,58389012.345678
2021-02-13,58511234.567890
2021-02-14,58633456.789012
2021-02-15,58755678.901234
2021-02-16,58877890.123456
2021-02-17,59000123.456789
2021-02-18,59122345.678901
2021-02-19,59244567.890123
2021-02-20,59366789.012345
2021-02-21,59489012.345678
2021-02-22,59611234.567890
2021-02-23,59733456.789012
2021-02-24,59855678.901234
2021-02-25,59977890.123456
2021-02-26,60100123.456789
2021-02-27,60222345.678901
2021-02-28,60344567.890123
2021-03-01,60466789.012345
2021-03-02,60589012.345678
2021-03-03,60711234.567890
2021-03-04,60833456.789012
2021-03-05,60955678.901234
2021-03-06,61077890.123456
2021-03-07,61200123.456789
2021-03-08,61322345.678901
2021-03-09,61444567.890123
2021-03-10,61566789.012345
2021-03-11,61689012.345678
2021-03-12,61811234.567890
2021-03-13,61933456.789012
2021-03-14,62055678.901234
2021-03-15,62177890.123456
2021-03-16,62300123.456789
2021-03-17,62422345.678901
2021-03-18,62544567.890123
2021-03-19,62666789.012345
2021-03-20,62789012.345678
2021-03-21,62911234.567890
2021-03-22,63033456.789012
2021-03-23,63155678.901234
2021-03-24,63277890.123456
2021-03-25,63400123.456789
2021-03-26,63522345.678901
2021-03-27,63644567.890123
2021-03-28,63766789.012345
2021-03-29,63889012.345678
2021-03-30,64011234.567890
2021-03-31,64133456.789012
2021-04-01,64255678.901234
2021-04-02,64377890.123456
2021-04-03,64500123.456789
2021-04-04,64622345.678901
2021-04-05,64744567.890123
2021-04-06,64866789.012345
2021-04-07,64989012.345678
2021-04-08,65111234.567890
2021-04-09,65233456.789012
2021-04-10,65355678.901234
2021-04-11,65477890.123456
2021-04-12,65600123.456789
2021-04-13,65722345.678901
2021-04-14,65844567.890123
2021-04-15,65966789.012345
2021-04-16,66089012.345678
2021-04-17,66211234.567890
2021-04-18,66333456.789012
2021-04-19,66455678.901234
2021-04-20,66577890.123456
2021-04-21,66700123.456789
2021-04-22,66822345.678901
2021-04-23,66944567.890123
2021-04-24,67066789.012345
2021-04-25,67189012.345678
2021-04-26,67311234.567890
2021-04-27,67433456.789012
2021-04-28,67555678.901234
2021-04-29,67677890.123456
2021-04-30,67800123.456789
2021-05-01,67922345.678901
2021-05-02,68044567.890123
2021-05-03,68166789.012345
2021-05-04,68289012.345678
2021-05-05,68411234.567890
2021-05-06,68533456.789012
2021-05-07,68655678.901234
2021-05-08,68777890.123456
2021-05-09,68900123.456789
2021-05-10,69022345.678901
2021-05-11,69144567.890123
2021-05-12,69266789.012345
2021-05-13,69389012.345678
2021-05-14,69511234.567890
2021-05-15,69633456.789012
2021-05-16,69755678.901234
2021-05-17,69877890.123456
2021-05-18,70000123.456789
2021-05-19,70122345.678901
2021-05-20,70244567.890123
2021-05-21,70366789.012345
2021-05-22,70489012.345678
2021-05-23,70611234.567890
2021-05-24,70733456.789012
2021-05-25,70855678.901234
2021-05-26,70977890.123456
2021-05-27,71100123.456789
2021-05-28,71222345.678901
2021-05-29,71344567.890123
2021-05-30,71466789.012345
2021-05-31,71589012.345678
2021-06-01,71711234.567890
2021-06-02,71833456.789012
2021-06-03,71955678.901234
2021-06-04,72077890.123456
2021-06-05,72200123.456789
2021-06-06,72322345.678901
2021-06-07,72444567.890123
2021-06-08,72566789.012345
2021-06-09,72689012.345678
2021-06-10,72811234.567890
2021-06-11,72933456.789012
2021-06-12,73055678.901234
2021-06-13,73177890.123456
2021-06-14,73300123.456789
2021-06-15,73422345.678901
2021-06-16,73544567.890123
2021-06-17,73666789.012345
2021-06-18,73789012.345678
2021-06-19,73911234.567890
2021-06-20,74033456.789012
2021-06-21,74155678.901234
2021-06-22,74277890.123456
2021-06-23,74400123.456789
2021-06-24,74522345.678901
2021-06-25,74644567.890123
2021-06-26,74766789.012345
2021-06-27,74889012.345678
2021-06-28,75011234.567890
2021-06-29,75133456.789012
2021-06-30,75255678.901234
2021-07-01,75377890.123456
2021-07-02,75500123.456789
2021-07-03,75622345.678901
2021-07-04,75744567.890123
2021-07-05,75866789.012345
2021-07-06,75989012.345678
2021-07-07,76111234.567890
2021-07-08,76233456.789012
2021-07-09,76355678.901234
2021-07-10,76477890.123456
2021-07-11,76600123.456789
2021-07-12,76722345.678901
2021-07-13,76844567.890123
2021-07-14,76966789.012345
2021-07-15,77089012.345678
2021-07-16,77211234.567890
2021-07-17,77333456.789012
2021-07-18,77455678.901234
2021-07-19,77577890.123456
2021-07-20,77700123.456789
2021-07-21,77822345.678901
2021-07-22,77944567.890123
2021-07-23,78066789.012345
2021-07-24,78189012.345678
2021-07-25,78311234.567890
2021-07-26,78433456.789012
2021-07-27,78555678.901234
2021-07-28,78677890.123456
2021-07-29,78800123.456789
2021-07-30,78922345.678901
2021-07-31,79044567.890123
2021-08-01,79166789.012345
2021-08-02,79289012.345678
2021-08-03,79411234.567890
2021-08-04,79533456.789012
2021-08-05,79655678.901234
2021-08-06,79777890.123456
2021-08-07,79900123.456789
2021-08-08,80022345.678901
2021-08-09,80144567.890123
2021-08-10,80266789.012345
2021-08-11,80389012.345678
2021-08-12,80511234.567890
2021-08-13,80633456.789012
2021-08-14,80755678.901234
2021-08-15,80877890.123456